{
  "metrics": {
    "http_req_receiving": {
      "p(95)": 0.08899999999999997,
      "avg": 0.043986842105263116,
      "min": 0.012,
      "med": 0.037,
      "max": 0.174,
      "p(90)": 0.078
    },
    "iteration_duration": {
      "p(95)": 1024.033584,
      "avg": 1014.47356616,
      "min": 1003.535042,
      "med": 1014.177167,
      "max": 1031.736417,
      "p(90)": 1019.8798078
    },
    "http_req_connecting": {
      "p(95)": 0.22299999999999992,
      "avg": 0.13142105263157894,
      "min": 0.062,
      "med": 0.114,
      "max": 0.27,
      "p(90)": 0.19350000000000003
    },
    "http_req_sending": {
      "avg": 0.03809210526315787,
      "min": 0.007,
      "med": 0.017,
      "max": 0.575,
      "p(90)": 0.05300000000000006,
      "p(95)": 0.15049999999999963
    },
    "vus_max": {
      "max": 5,
      "value": 5,
      "min": 5
    },
    "http_req_duration": {
      "p(95)": 24.362499999999994,
      "avg": 14.6483552631579,
      "min": 3.034,
      "med": 13.677499999999998,
      "max": 77.572,
      "p(90)": 20.1595,
      "thresholds": {
        "p(95)<1500": false
      }
    },
    "http_req_blocked": {
      "avg": 0.18390789473684208,
      "min": 0.074,
      "med": 0.141,
      "max": 1.911,
      "p(90)": 0.2675,
      "p(95)": 0.33224999999999993
    },
    "data_sent": {
      "count": 57616,
      "rate": 3765.2796205024756
    },
    "checks": {
      "passes": 152,
      "fails": 0,
      "value": 1
    },
    "http_req_duration{expected_response:true}": {
      "max": 77.572,
      "p(90)": 20.1595,
      "p(95)": 24.362499999999994,
      "avg": 14.6483552631579,
      "min": 3.034,
      "med": 13.677499999999998
    },
    "http_reqs": {
      "rate": 4.966697638818872,
      "count": 76
    },
    "data_received": {
      "count": 126961,
      "rate": 8297.064459501089
    },
    "iterations": {
      "count": 75,
      "rate": 4.901346354097571
    },
    "http_req_tls_handshaking": {
      "max": 0,
      "p(90)": 0,
      "p(95)": 0,
      "avg": 0,
      "min": 0,
      "med": 0
    },
    "vus": {
      "min": 5,
      "max": 5,
      "value": 5
    },
    "http_req_failed": {
      "passes": 0,
      "fails": 76,
      "thresholds": {
        "rate<0.05": false
      },
      "value": 0
    },
    "http_req_waiting": {
      "avg": 14.56627631578948,
      "min": 2.988,
      "med": 13.621500000000001,
      "max": 76.93,
      "p(90)": 20.1185,
      "p(95)": 24.193249999999995
    }
  },
  "root_group": {
    "path": "",
    "id": "d41d8cd98f00b204e9800998ecf8427e",
    "groups": {
      "setup": {
        "id": "5c0f8025f7e0b6654089e5b00e950f1a",
        "groups": {},
        "checks": {
          "login status is 200": {
            "name": "login status is 200",
            "path": "::setup::login status is 200",
            "id": "bb27b460b057923f4a083e3603c038b9",
            "passes": 1,
            "fails": 0
          },
          "login returned token": {
            "name": "login returned token",
            "path": "::setup::login returned token",
            "id": "9c891d721d521c8b89b1661b5e0b7ad7",
            "passes": 1,
            "fails": 0
          }
        },
        "name": "setup",
        "path": "::setup"
      }
    },
    "checks": {
      "order create status is 201": {
        "name": "order create status is 201",
        "path": "::order create status is 201",
        "id": "d588a4cf5a8ac98fbb09c7655ccb5d6b",
        "passes": 75,
        "fails": 0
      },
      "order create returned id": {
        "id": "3075751640b41818c042bf545aee84b7",
        "passes": 75,
        "fails": 0,
        "name": "order create returned id",
        "path": "::order create returned id"
      }
    },
    "name": ""
  }
}
